seed,discovered_nu
1,0.011029
2,0.041966
3,0.009427
