seed,discovered_nu
1,0.055527
2,0.055167
3,0.057291
