seed,discovered_nu
1,0.051915
2,0.054107
3,0.053020
