seed,discovered_nu
1,0.010869
2,0.009878
3,0.010021
