seed,discovered_nu
1,0.049978
2,0.052998
3,0.053383
4,0.050819
5,0.050018
6,0.049705
7,0.051288
8,0.050980
9,0.050671
10,0.050788
